model,accuracy,f1_score,recall,precision
./models/D4DATA-on-BABE-on-PRANJALI/,0.899,0.9319211978113433,0.899,0.9826147540983606
./models/D4DATA-on-BABE/,0.986,0.9843814254084137,0.986,0.9842430052217286
./models/VALURANK-on-BABE-on-PRANJALI/,0.538,0.6816049412329096,0.538,0.9612680076096706
